x_passenger,x_delivery,x_ridehail,objective,stderr,n_seeds,c_passenger_search_cost,c_delivery_delay_cost,c_ridehail_wait_cost,c_illegal_parking_cost,c_vmt_cost,passenger_search_time_min,delivery_delay_min,ridehail_wait_min,illegal_parking_rate,vmt_miles,revenue_usd,curb_occupancy_passenger,passenger_abandonment_rate,system_social_cost_usd,pareto_efficient
0.5477070169015223,0.14832690822274178,0.30396607487573596,12054.033722990062,199.27878586697534,5,3309.6884489242925,1178.7624282705044,1352.9846900249627,3925.6,2286.9981557703013,3.308655884722171,2.1327308392407502,1.672088948752696,0.04678680284883878,3688.7067028553247,8274.532303749675,0.974476494508418,0.21477509237887857,12054.033722990062,True
0.3470425443544129,0.45,0.20295745564558712,13325.806085630222,121.16528925869405,5,3831.2599946185974,1025.6508630771682,1389.1778275526854,4690.0,2389.71740038177,3.838871063201985,1.8561217552383007,1.713148536283457,0.05596001219729524,3854.3829038415656,6576.981613700247,0.9862785114045618,0.4462703404715951,13325.806085630222,True
0.3,0.38467221293514037,0.3153277870648596,14086.91163099837,53.67704349033868,5,4014.8473117794374,1058.776691567142,1361.0372836606984,5230.4,2421.850343991092,4.014386547088572,1.8577135552021509,1.7111878167054684,0.062460820622611955,3906.2102322436963,6323.469093005636,0.987352492017215,0.49838318945767296,14086.91163099837,False
0.8410171089880252,0.06298532956701941,0.09599756144495539,11212.247193985422,203.85209984450367,5,2052.941129841659,1620.863982393826,1417.8993632261165,4043.2,2077.3427185238206,2.077214028031516,2.8262207498778147,1.715143626828527,0.047949251807119946,3350.552771812614,11468.757755623548,0.8333861700019813,0.03153950531248949,11212.247193985422,True
0.3426094021041763,0.37905448019265753,0.2783361177031662,13686.51213875943,206.99674646497897,5,3837.812347895694,1044.5148463205803,1397.4084353568019,5017.6,2389.1765091863517,3.851670931603915,1.8725664734788663,1.7328246641065306,0.059931698431041756,3853.510498687664,6665.03710608608,0.9862244897959185,0.4438709520584335,13686.512138759426,False
0.7156037679714157,0.05,0.23439623202858423,11682.135864289372,81.1530844891991,5,2589.8528087449804,1509.873556513056,1358.9456568695616,4054.4,2169.063842161775,2.6175694870424557,2.727210916528602,1.676108165237908,0.04859818982896459,3498.490068002863,10958.81090162579,0.9210864945122129,0.07601606991359296,11682.135864289372,True
0.7086609617187212,0.0674366334614564,0.22390240481982238,12661.961394244463,168.58584091085982,5,2729.372297926456,1604.9926429751536,1333.1903112128925,4793.6,2200.8061421299612,2.704554025536791,2.8592243506120525,1.6644641139086467,0.05692594581095274,3549.687326016066,11797.41513383707,0.9235295844956688,0.08297244024721365,12661.961394244461,True
0.41346626772501044,0.18653373227498965,0.4,13368.1873183563,195.26484460756376,5,3803.698866558943,1157.186966897599,1357.7823198238013,4664.8,2384.7191650759564,3.7452557466151495,2.058893573977811,1.7176016492195814,0.05541640486467414,3846.3212339934785,7649.17327718093,0.9848727639203829,0.37760444352202355,13368.1873183563,False
0.3766625327403294,0.2233374672596706,0.4000000000000001,13564.23695612101,188.2641925921808,5,3804.716753816673,1069.9581554433869,1410.4074367837986,4897.2,2381.9546100771495,3.786421702593521,1.945817604647581,1.7247675149758925,0.05809195700164753,3841.8622743179826,7137.1467721101235,0.9857198163818373,0.410712227516331,13564.23695612101,False
0.44473684210526315,0.15526315789473683,0.4,12924.305704169281,189.20372302058826,5,3604.0891598204967,1196.9757409280762,1380.7099456302053,4393.2,2349.3308577905036,3.608909523068717,2.1478271402116293,1.7018895004120824,0.052330278740184324,3789.243319016941,7475.063105794053,0.9836173001310616,0.330618843619852,12924.305704169283,False
0.4048921420527907,0.45,0.14510785794720926,13369.39740039706,240.07278441530087,5,3767.085257573353,1053.141705834859,1427.5085146155066,4729.2,2392.46192237334,3.7373536069821953,1.8568762318741268,1.7410486289982885,0.055730264733962843,3858.8095522150643,7505.25258650787,0.9854521153549582,0.38015765157686665,13369.39740039706,True
0.4078382446558237,0.19216175534417634,0.4,13319.17490930656,228.31973298398276,5,3721.7721542967774,1155.1484546816457,1371.8352873638482,4704.0,2366.419012964288,3.725979206038051,2.0447356643305765,1.7116376706972751,0.056112509338027985,3816.8048596198205,7655.31300738295,0.9845204081632651,0.3662922440625655,13319.17490930656,False
0.5719042991882384,0.2765965836382918,0.15149911717346978,11763.516418098467,53.15385793569032,5,3201.9154751332526,1083.608422502321,1388.0834971589884,3838.8,2251.109023303905,3.2065163076695895,1.9177238468766913,1.7160791633323913,0.04569643659384085,3630.8210053288794,8462.0339816542,0.9696209912536442,0.19128907589508604,11763.516418098467,True
0.5060780192035127,0.12506795605073268,0.3688540247457545,12521.311067317027,302.1204907447797,5,3368.297838259462,1276.8417017774616,1372.0335848638158,4211.2,2292.937942416289,3.42570906599196,2.3243834399988623,1.6792773709971687,0.05053608206797157,3698.2870038972396,8718.529833237317,0.97974818959842,0.2602976341080782,12521.311067317027,False
0.42222222222222217,0.45,0.12777777777777777,13221.48437107921,132.60637904039513,5,3669.166614405703,1063.8591743718025,1422.7766010720848,4709.6,2356.0819812296186,3.675015482261178,1.8584478257850463,1.7434676490895789,0.05579703580833047,3800.132227789708,7583.889395461677,0.9844030365769496,0.3589820486926139,13221.48437107921,True
0.4544181633047687,0.2511693000508027,0.2944125366444286,12981.095841737933,75.1934194589839,5,3633.406290007732,1097.6216203237082,1397.8978964108655,4491.2,2360.970034995625,3.5930812533928282,1.9320684258978418,1.7225664170897688,0.05298529700950596,3808.016185476815,7709.87096358038,0.9833616143086449,0.33185754959786634,12981.095841737933,False
0.4443807660477919,0.39848673413581076,0.15713249981639738,12996.635281995672,135.39274303677405,5,3696.8050120211105,1032.1061837401435,1384.603029207457,4527.6,2355.521057026962,3.6630478071269557,1.8597365213971482,1.7196993044392284,0.05376887592675491,3799.22751133381,7606.178535542154,0.98348580811635,0.3391957605595818,12996.635281995676,True
0.3,0.3910205399871608,0.3089794600128392,13747.193471285553,104.00001373924057,5,3898.3118225006024,1066.3236641158594,1403.7468049586016,4986.8,2392.01117971049,3.9632078669317345,1.868459081242999,1.7395714945096998,0.05981983329173788,3858.082547920146,6633.258685087257,0.9869915313064,0.4980967001836662,13747.193471285553,False
0.3,0.37000000000000005,0.33000000000000007,14124.416772749031,198.05110256072717,5,4109.90176240622,1046.4868847212606,1418.886972953133,5126.8,2422.3411526684163,4.109124847341576,1.8927767765545251,1.7475818131587306,0.061064005610244124,3907.0018591426074,6477.893726920961,0.9867832847424685,0.5034377027605604,14124.416772749031,False
0.4509975740759705,0.45,0.09900242592402936,13563.241362830846,82.17206263360731,5,3659.8032187780277,1028.2819713922138,1415.4593252494847,5112.8,2346.8968474111193,3.6297580718920295,1.8509780414235277,1.7550248772898844,0.06070876738406652,3785.317495824386,7950.224188868473,0.9832763874780681,0.3217629465972964,13563.241362830846,True
0.3835223693644268,0.2164776306355732,0.4,13310.479479490337,154.89750803910783,5,3702.5405397381414,1162.2777781918394,1409.2674627613408,4673.2,2363.1936987990134,3.7420370406527317,2.042741724230198,1.7277677268304514,0.055688925567637215,3811.6027399984087,6981.153375104812,0.9857685627442466,0.39432035522077985,13310.479479490337,False
0.30000000000000004,0.35065931944470835,0.3493406805552916,14072.578030259057,252.8433654689705,5,4033.209435208689,1065.5895065464617,1425.4069090320218,5107.2,2441.172179471884,4.0267905927223335,1.9028453176035225,1.7414804857374342,0.06050665236088206,3937.374483019168,6596.696605110599,0.9874357906427876,0.505588328710509,14072.578030259057,False
0.41298993762001135,0.18701006237998866,0.4,13368.1873183563,195.26484460756376,5,3803.698866558943,1157.186966897599,1357.7823198238013,4664.8,2384.7191650759564,3.7452557466151495,2.058893573977811,1.7176016492195814,0.05541640486467414,3846.3212339934785,7649.17327718093,0.9848727639203829,0.37760444352202355,13368.1873183563,False
0.5929436092982223,0.05,0.35705639070177764,14771.941509498609,204.2169101780184,5,3242.0543112410323,1681.4483998327191,1393.0329495820974,6151.6,2303.8058488427587,3.249602216978024,2.945199144088852,1.7034028696562629,0.07288069421849677,3715.815885230256,11929.041281742178,0.9688573536127016,0.18572576797487605,14771.941509498609,True
0.3708503198517597,0.45000000000000007,0.17914968014824034,13382.528165857197,147.48216017707196,5,3777.9696456704623,1067.5272564078869,1396.7840803301879,4762.8,2377.44718344866,3.8021702810374434,1.855640082612119,1.723639711311505,0.05667758197111141,3834.592231368806,7310.637093749875,0.985202676111767,0.4152123489782734,13382.528165857197,True
0.4455528623810131,0.15444713761898687,0.4,13122.357934399592,176.93748554747478,5,3603.317272628846,1246.2142394254647,1394.4639790143344,4522.0,2356.362443330947,3.602388494829327,2.1670281726825715,1.7018450019436333,0.05342716864350312,3800.584586017657,7657.273217448938,0.9823378321580349,0.32775006080097896,13122.357934399592,False
0.5429666627011817,0.3556799432627681,0.1013533940360502,12460.063324377747,121.10652812269215,5,3304.845803437622,1059.2176496296584,1427.831536386423,4393.2,2274.968334924043,3.3109945197826356,1.8876856349906947,1.7471621867095686,0.052179077997542976,3669.3037660065215,8689.28892636057,0.9730934479054779,0.22075526290722142,12460.063324377747,True
0.42222222222222217,0.45,0.12777777777777777,13221.48437107921,132.60637904039513,5,3669.166614405703,1063.8591743718025,1422.7766010720848,4709.6,2356.0819812296186,3.675015482261178,1.8584478257850463,1.7434676490895789,0.05579703580833047,3800.132227789708,7583.889395461677,0.9844030365769496,0.3589820486926139,13221.48437107921,True
0.44473684210526315,0.15526315789473683,0.4,12924.305704169281,189.20372302058826,5,3604.0891598204967,1196.9757409280762,1380.7099456302053,4393.2,2349.3308577905036,3.608909523068717,2.1478271402116293,1.7018895004120824,0.052330278740184324,3789.243319016941,7475.063105794053,0.9836173001310616,0.330618843619852,12924.305704169283,False
0.4995527874585918,0.1004472125414083,0.4,13818.986173194828,362.66190927314443,5,3527.486451725451,1460.1581517362094,1363.5367498811036,5110.0,2357.8048198520637,3.505781331908114,2.6282757201490905,1.6952114336143633,0.0607641191366867,3802.9109997613937,9006.556980021156,0.9810578925447728,0.28159671940906444,13818.986173194828,False
0.7714957995668505,0.17850420043314946,0.05,14352.384864045813,122.55411604207843,5,2303.617657976772,1135.49264824156,1676.7410186960096,7098.0,2138.533539131472,2.333139814286196,2.024502474269989,2.037457119846128,0.08464189015438903,3449.247643760439,11925.702139747804,0.874527588813303,0.04316826222383867,14352.384864045813,True
0.3,0.3093083307741962,0.39069166922580384,14142.129064913752,71.63516309141279,5,3995.004914538059,1093.4074630441419,1393.8961900357574,5213.6,2446.2204972957925,3.974287606919912,1.9266416856175197,1.7451415971790518,0.062027464098221484,3945.516931122246,6728.263586611394,0.9876023878939332,0.5017576324516168,14142.129064913752,False
0.4244258189567188,0.45,0.1255741810432811,13062.278341310399,101.49565638333625,5,3670.552318310102,1055.0740048163948,1391.7537361509756,4603.2,2341.6982820329276,3.693438714404492,1.8595330282340083,1.7398324120547872,0.05508992798999396,3776.9327129563344,7191.257059699392,0.9841346153846156,0.35511261831398827,13062.278341310399,True
0.3,0.44420315332425764,0.25579684667574226,14024.158134857478,61.201943802472606,5,4040.0577294319237,1054.6070306970528,1419.40352345991,5076.4,2433.689851268591,4.041421838683635,1.8580148007747888,1.7572020068538674,0.0603591014781262,3925.306211723534,6311.46023919635,0.9872553102873803,0.5036508273388393,14024.158134857478,False
0.3,0.40775021012396406,0.29224978987603595,14147.613329152411,98.64018905903501,5,4098.200944456805,989.54882752971,1408.1957193388064,5219.2,2432.4678378270896,4.0729213224688845,1.8513065070755974,1.732483322708958,0.0622056507027573,3923.3352223017573,6614.541025838747,0.986588921282799,0.5000708859981173,14147.613329152411,True
0.6065761516625482,0.2314286697124856,0.16199517862496624,11231.171955469204,90.1612147988734,5,3055.657380082111,1091.7358976569806,1345.8991322755658,3516.8,2221.079545454545,3.071824378489427,1.9573079613470745,1.6781673252861509,0.04212280422458202,3582.386363636363,9027.519173623887,0.9571978286264,0.15491433143037198,11231.171955469204,True
0.35493203297223647,0.24506796702776354,0.4000000000000001,13620.782955781193,103.31997215058745,5,3837.157416622067,1116.650268821098,1425.9750973482892,4849.6,2391.40017298974,3.860335623287612,1.9385959980163812,1.7335902653074586,0.057414296287738066,3857.097053209258,6620.226607396314,0.9853037766830871,0.4333720045703351,13620.782955781193,False
0.7890098200046097,0.10843905061664479,0.10255112937874546,10475.033957174343,59.64917573780422,5,2307.1062900534707,1359.199812197398,1382.4926902849618,3329.2,2097.035164638511,2.3236628291966626,2.431723759625684,1.7036011133274873,0.03976595665113312,3382.314781675018,10090.245140358626,0.8620851704200438,0.04553250391259802,10475.033957174343,True
0.5122093791912707,0.4146711253406407,0.07311949546808842,15255.98181215843,231.90791499298604,5,3461.8075404025585,1066.9992668298999,1580.8664906493468,6798.4,2347.9085142766244,3.4456746325043524,1.8661928319525238,1.960393595217629,0.0805744383309341,3786.9492165752004,9914.108760345849,0.9781364338564111,0.2636042305829524,15255.98181215843,True
0.45776016956172894,0.2578725686898048,0.28436726174846616,12687.718007193282,129.25713110522642,5,3509.7728823061902,1112.6575742871125,1403.9951840208014,4359.6,2301.6923665791774,3.5795033388373803,1.9290296496970014,1.7218506082986011,0.052129627594028706,3712.407042869641,7607.410967306673,0.9816144314868804,0.3027490074975411,12687.718007193282,False
0.3653272698686322,0.45,0.1846727301313678,13298.039102283825,91.11481628443549,5,3815.9296854088293,1039.2630270207985,1399.9851276256134,4650.8,2392.0612622285853,3.817488590225225,1.856713959041785,1.7260753654757004,0.055342632325814434,3858.1633261751367,7022.676238401534,0.9861931364724661,0.42877158359233264,13298.039102283825,True
0.3943672900938667,0.4295298252215799,0.17610288468455337,13599.705488736236,269.44981355317384,5,3861.4272006472434,1031.682869514345,1366.1975560915482,4950.4,2389.9978624830983,3.810350829587579,1.85435590985491,1.7076666208215094,0.05873006403612946,3854.835262069514,7562.148874396871,0.9857142857142855,0.397444945936461,13599.705488736236,True
0.7502141433673534,0.1662829350472321,0.0835029215854146,10598.451371924975,187.1588441417231,5,2526.867137907941,1178.6858541429715,1403.0815223221664,3343.2,2146.616857551897,2.5039924995018144,2.098503592390723,1.7121289480393493,0.03941074409903982,3462.2852541159627,9394.269883212402,0.8915396362626684,0.06331649911007875,10598.451371924975,True
0.34415670296784034,0.41187470998770165,0.24396858704445795,13598.092753846207,184.53682084001278,5,3862.093693970551,1021.5434888914002,1374.0168680096256,4956.0,2384.438702974628,3.868406243182182,1.858921299270634,1.7158937975434234,0.05940574059957125,3845.868875765529,6641.853027431772,0.9867134984557622,0.4448600508605461,13598.092753846207,False
0.4278517131546853,0.17214828684531477,0.4,13166.10603962048,105.74270795238682,5,3673.391890519847,1187.1736241765486,1371.5933792547926,4580.8,2353.1471456692916,3.6670845284238056,2.1371172278414976,1.715847373555975,0.05473554615840135,3795.3986220472443,7728.9418385437075,0.9843651064244314,0.35142779699454707,13166.10603962048,False
0.7053844689218374,0.052180841658683454,0.2424346894194792,12306.587587217986,308.86835130265246,5,2710.7495894936487,1602.3401752023096,1345.0835299904134,4454.8,2193.6142925316153,2.712200611105986,2.8099517632021005,1.6599098194995203,0.052884648487285656,3538.087568599379,10985.564725381555,0.9273930121976433,0.09221175988863639,12306.587587217986,True
0.45311213700501174,0.45000000000000007,0.09688786299498821,13524.6498770074,225.2009619171545,5,3622.105096933009,1062.295632533685,1415.3434895831736,5084.8,2340.105657957528,3.6055936914980093,1.8573714594324673,1.7440655581213733,0.06013210376815792,3774.3639644476257,8049.915613381709,0.9818900533186248,0.31400251928406303,13524.649877007396,True
0.42222222222222217,0.45,0.12777777777777777,13221.48437107921,132.60637904039513,5,3669.166614405703,1063.8591743718025,1422.7766010720848,4709.6,2356.0819812296186,3.675015482261178,1.8584478257850463,1.7434676490895789,0.05579703580833047,3800.132227789708,7583.889395461677,0.9844030365769496,0.3589820486926139,13221.48437107921,True
0.3,0.37000000000000005,0.33000000000000007,14124.416772749031,198.05110256072717,5,4109.90176240622,1046.4868847212606,1418.886972953133,5126.8,2422.3411526684163,4.109124847341576,1.8927767765545251,1.7475818131587306,0.061064005610244124,3907.0018591426074,6477.893726920961,0.9867832847424685,0.5034377027605604,14124.416772749031,False
0.5199199631740979,0.43008003682590207,0.05,17562.2064097638,285.25268499928296,5,3324.8618979996463,1056.8817129323952,1735.398971582889,9100.0,2345.0638272488663,3.352072753429721,1.8545633627474154,2.1495632963948035,0.10866881715029517,3782.3610116917203,11270.951719434588,0.9762705082032813,0.23628393567480735,17562.2064097638,True
0.5255143205834267,0.26536364752773195,0.20912203188884143,12050.210557039134,121.99290483969423,5,3320.321513341862,1035.3177327648737,1396.3057686990423,4043.2,2255.065542233357,3.356835975575185,1.9255137940113194,1.7055177049752301,0.04849676808699467,3637.2024874731565,8328.463310621275,0.975486427580741,0.23336313652239699,12050.210557039134,True
0.343994758627577,0.382340369516931,0.27366487185549193,13666.123974181017,141.143566763746,5,3830.6595066827695,1083.3453072576692,1414.965095975883,4961.6,2375.5540642646943,3.8577233902705124,1.8699889076661311,1.7307633379901322,0.058821803533588735,3831.5388133301517,7152.429615518062,0.9869799551868226,0.4448408797687297,13666.123974181017,False
0.3,0.34372550186807727,0.3562744981319228,14227.06468602044,143.32992317478607,5,4058.2802384520846,1103.3652644972785,1406.5995616601172,5219.2,2439.6196214109596,4.055693994873592,1.9203896269069123,1.7427381697320588,0.061937758751641446,3934.8703571144515,6525.734147763333,0.9868249340552546,0.4965671113157704,14227.06468602044,False
0.39799761510363524,0.24632056463033014,0.3556818202660347,13263.782808597543,206.91952179330252,5,3803.1795546746825,1078.9114068351007,1372.9637571330927,4636.8,2371.9280899546643,3.799419700031278,1.9310863188258243,1.7177692245996794,0.055385951732641533,3825.6904676688137,7335.78843133764,0.9853061224489796,0.38143814781073815,13263.78280859754,False
0.743885499440176,0.13991839290519054,0.11619610765463356,10388.649523680104,131.7686954061997,5,2553.6128562268386,1249.9862587480432,1367.7566184403695,3060.4,2156.893790264853,2.5231917292676975,2.162478527265032,1.6651844213062224,0.03586521456402424,3478.860952040086,9447.768586952978,0.8911396657428403,0.06623363520942659,10388.649523680104,True
0.3585908673904878,0.24140913260951222,0.4000000000000001,13669.466302079696,46.55683698196233,5,3895.828088553396,1091.3002208514467,1407.6846651078442,4869.2,2405.4533275670083,3.88119732720668,1.9380054795792425,1.7126652813324577,0.057520293259570754,3879.7634315596906,7211.39701206963,0.985324728181871,0.4365657657430968,13669.466302079696,False
0.3,0.32849970788100236,0.37150029211899765,14189.145505432482,121.19937175723389,5,4023.5483168009887,1112.8005037067924,1423.4248355251948,5188.4,2440.971849399507,4.029696808105713,1.9278521787573137,1.7411743696833444,0.06136904146766633,3937.0513699992043,6699.6359797818095,0.9874496737470497,0.49742354382618303,14189.145505432482,False
0.573442445926281,0.0776077612918231,0.348949792781896,14418.493109518593,315.7018246725774,5,3266.369782394683,1637.4905667410374,1381.505076059322,5810.0,2323.1276843235505,3.2501642343243224,2.8979735417278407,1.6956718777082322,0.06870666093217385,3746.9801360057268,11396.000585812933,0.9704553707604038,0.19316884521820388,14418.493109518593,False
0.30000000000000004,0.34935512624317194,0.35064487375682807,14118.731851685163,215.35171179062505,5,4042.1291756704495,1092.7281686954047,1413.9976432057326,5138.0,2431.8768641135766,4.046138013947872,1.911971241763597,1.752060079277332,0.061071438639367995,3922.382038892866,6417.193799349499,0.9864084409273914,0.499957162825223,14118.731851685163,False
0.7000521277790777,0.24994787222092232,0.05,14509.611594452243,141.94408355315377,5,2679.214566693166,1062.3091794135723,1639.4645295274015,6935.6,2193.0233188181023,2.682485505119856,1.9168304593241756,2.0415122928608946,0.0829324977493235,3537.134385190488,11719.020708060494,0.9203903135598264,0.08548719173065962,14509.611594452243,True
0.44473684210526315,0.15526315789473683,0.4,12924.305704169281,189.20372302058826,5,3604.0891598204967,1196.9757409280762,1380.7099456302053,4393.2,2349.3308577905036,3.608909523068717,2.1478271402116293,1.7018895004120824,0.052330278740184324,3789.243319016941,7475.063105794053,0.9836173001310616,0.330618843619852,12924.305704169283,False
0.3452214283560801,0.45,0.20477857164391988,13956.534773563926,102.33259870690675,5,3933.4481985055486,1039.1002195447059,1443.2143788573426,5124.0,2416.771976656327,3.9229866911115807,1.8512799877834822,1.7609703760833697,0.06064850837183964,3898.0193171876244,6800.268945327858,0.9869580968482067,0.4438886181047475,13956.534773563926,True
0.6563140083736807,0.10811421480267429,0.23557177682364508,12270.124436960852,80.21211222938369,5,2842.052304878416,1481.901882757484,1380.9315314374164,4356.8,2208.4387178875368,2.8706178492340833,2.674988130042555,1.682793116076072,0.05200262138428852,3561.9979320766715,10720.182028511344,0.9374424731012155,0.11504109538638688,12270.124436960852,True
0.39490214590162875,0.20509785409837122,0.4,13328.252136941737,54.68365352066888,5,3751.067631339692,1112.9903442530344,1412.6416460384246,4664.8,2386.7525153105857,3.7344398657500952,2.0284011925272987,1.724250443219789,0.05533395867517719,3849.600831146107,7216.716140919363,0.9848441702262299,0.390510240005682,13328.252136941737,False
0.3859590039007867,0.21404099609921332,0.4,13385.26498902466,263.5601897577701,5,3699.2804243715154,1127.2019386095521,1425.9306943248305,4776.8,2356.0519317187623,3.7598216857839937,2.0236896864974327,1.7211585362141424,0.05697366697282332,3800.0837608367133,7391.18064661035,0.9853687506748731,0.38974395488621266,13385.26498902466,False
0.7086152443518486,0.17127165559531654,0.12011310005283482,10194.159753245354,96.77458210653039,5,2622.18284349252,1160.505507862611,1379.1270847025971,2881.2,2151.1443171876244,2.624493692465423,2.0775594578853074,1.6828303147767145,0.03420406068299729,3469.5876083671355,9174.894590295042,0.9081926718814326,0.0803351822058674,10194.159753245352,True
0.3868549366613685,0.2131450633386315,0.4,13323.490225852676,179.8357998697016,5,3730.4986617496143,1151.544409248388,1411.6358478873628,4662.0,2367.811306967311,3.7541200318069583,2.029822344555829,1.7362721701648678,0.055499178469443154,3819.0504951085663,7274.138732398113,0.9849765763825321,0.39715494484793684,13323.490225852676,False
0.6080327226334789,0.14120175081507794,0.2507655265514432,11494.54009146335,137.13153181169926,5,2970.082410457273,1328.650666398318,1374.3250572387935,3586.8,2234.6819573689654,3.0127075342259526,2.280856379449924,1.703646982713277,0.04285576812386531,3604.3257376918796,9040.870786740643,0.9554170661553212,0.1506803076407867,11494.54009146335,False
0.384624359228698,0.215375640771302,0.4,13562.347087290715,171.74540738907888,5,3815.360638467191,1195.8136704704639,1373.0316127601218,4774.0,2404.1411655929373,3.791505629100384,2.065754924957347,1.7120034969817308,0.056528772971314645,3877.6470412789304,7712.015446612243,0.9854382071130839,0.4042047338818676,13562.347087290715,False
0.34355569555158705,0.256444304448413,0.4000000000000001,13915.146625878082,120.92216566332152,5,3958.3109776316514,1105.6368288325934,1389.6273885699668,5051.2,2410.3714308438716,3.9385552789008784,1.9437006388871905,1.720769999636739,0.059884878961445995,3887.6958561997935,7197.095438606928,0.986749833464543,0.45157753643714293,13915.146625878082,False
0.32710641462856055,0.3422293156695904,0.33066426970184903,13904.297583417156,176.65885863603674,5,3993.160461454947,1061.3523327754094,1411.1041670202526,5028.8,2409.880622166547,4.011919262082792,1.920519832034222,1.723923078685938,0.05990466749334129,3886.9042293008833,6468.185868986306,0.9869540339500287,0.4631991961682343,13904.297583417158,False
0.47572312317209015,0.45,0.07427687682790986,14833.045188664808,276.504351903503,5,3541.193955525932,1039.3069521214861,1524.9721383306792,6389.6,2337.9721426867095,3.5757541442414555,1.8526424934292258,1.867475246836064,0.07620394969307778,3770.9228107850154,9220.136295692364,0.9817202417447666,0.2900054342438521,14833.045188664808,True
0.5269534853189078,0.42304651468109206,0.05,17655.402492006564,272.8573762360814,5,3362.616139474376,1033.076678731632,1768.1106938435034,9125.2,2366.398979957051,3.3557981418410323,1.8539348352457725,2.162939473275599,0.1082093499625492,3816.772548317824,11579.233489340648,0.9782708432210093,0.24956919615929488,17655.402492006564,True
0.647764773285547,0.11543544492021354,0.23679978179423944,11464.34166532426,136.03269799916072,5,2845.5738486349305,1362.0560988815837,1378.483892308662,3676.4,2201.827825499085,2.871121813576667,2.4161462409546774,1.6815067061805604,0.043769331249148495,3551.3352024178794,9537.158979255391,0.9440784187690824,0.11672090092924248,11464.34166532426,True
0.3,0.41259610259314417,0.2874038974068559,14140.762902532177,122.10446047763448,5,4047.9701463852534,1014.8452144956724,1439.9291261975013,5205.2,2432.8184154537503,4.045803123725088,1.852604177716279,1.7476735432186594,0.06176519173767305,3923.9006700866935,6387.1808306870425,0.9867138692211578,0.5002617687162295,14140.762902532177,False
0.6980656163890264,0.2519343836109736,0.05,14855.054851349933,268.0624808003102,5,2641.268626301951,1073.3356087519746,1677.5709435846431,7266.0,2196.8796727113654,2.658828636255231,1.9121091864068631,2.026809089086296,0.0861496525850336,3543.354310824783,11924.285122668009,0.9154015992361856,0.08485939882986657,14855.054851349933,True
0.3695180740425194,0.45,0.1804819259574806,13740.388071874375,173.23862441408733,5,3923.529171831681,1044.664352656178,1402.724170388186,4947.6,2421.87037699833,3.858425871434003,1.8519407869146576,1.7391373832546946,0.058359074623112225,3906.2425435456935,7535.691276853495,0.9852971022663208,0.42252403777153963,13740.388071874375,True
0.3691253335287217,0.23087466647127836,0.4,13199.732732129754,284.7131360596664,5,3735.1450255003265,1081.1446225729128,1371.0127342990984,4645.2,2367.2303497574167,3.745846243701057,1.9407269632783468,1.7050116481344708,0.05551742613024001,3818.113467350672,6892.459809383472,0.9855113316044649,0.42170578251636004,13199.732732129754,True
0.5390483778718151,0.11476057670709311,0.3461910454210918,13360.763656935247,140.67777514222456,5,3288.3388781624244,1474.7524966925048,1374.3766147773665,4919.6,2303.6956673029504,3.328147603564692,2.5993739284763118,1.6959491866488015,0.058850519142833305,3715.638173069275,9975.657906408514,0.9751700680272108,0.226748733194087,13360.763656935247,True
0.30161812669906257,0.45,0.24838187330093744,13808.277520472204,119.336533975223,5,3967.4514090855832,1065.645716005686,1400.1824314900564,4972.8,2402.197963890877,4.007616484198984,1.8542106482789211,1.7357002784088944,0.059380620332454434,3874.5128449852855,6388.9331837365635,0.9873414230557087,0.4930024189692723,13808.277520472204,True
